Street,Gender,Age,Marital_Status,Education,Religion,Nationality,Residence,Not_Residence,Education_Level,Employment_Type,Occupation,Household_Income_Per_Month,No_Of_Cars_Per_Household,Work,No_Persons_Per_Household,No_Of_Employed_Per_Household,Mode_Of_Transportation,Tenancy_Type,Rent_Per_Month,Pay_Tax,If_Yes_How,Tax_Rate,Markets,Economic_Base,Source_Of_Attraction,Education_Facillity,If_Yes_Which,Physical_Condition,How_Far_Is_It,Water_Supply,Electricity,PPDAY,Drainage,Drainage_Condition,Refuse_Condition,Garbage_Disposal,GARDOPEN,Nursery,Secondary_School,Shopping_Mall,Fire_Station,Police_Post,Civic_Center,Bank_Services,Post_Offices,Telephone_Mast,Others,REFAC,MAJORUSE,Motor_Park,Health_Institution,Health_Institution_Functionality,Most_Used_Health_Instituition,Housing_Condition,Settlement_Pattern,Number_Of_Houses,Security_Present,Effectiveness_Of_Security,Social_Vices
solanke str,female,over 50,married,secondary,christianity,Nigerian,yes,,SSS/Sec/TTC,informal,Trading and commerce,20000 and below,none,within this LGA,7 and above,2,Foot,Rented,5001 - 10000,yes,Tenement rate,below 5000,yes,,markets,yes,public school,fair,two streets away,well,PHCN',1  - 3 hours,No drainage,bad,poor,private scavenger/ carts pusher,no,yes,No,no,no,no,no,no,no,no,no,no,,no,health center,fair,private hospital,poor,nucleated,5 and above,local vigilante,effective,
ibukunoluwa str,male,21 - 30,single,secondary,christianity,Nigerian,yes,,SSS/Sec/TTC,student,Trading and commerce,20000 and below,1 - 2,within this LGA,7 and above,2,public transport,Rented,5001 - 10000,no,,,yes,commerce/trading,markets,yes,public school,fair,two streets away,borehole,PHCN',4 - 6 hours,unpaved,fair,fair,PSP/municipal collection,no,No,yes,no,no,no,no,no,no,no,no,yes,sport activities,yes,clinic,functioning,private hospital,very good,nucleated,5 and above,police,effective,
awolaja str,male,41 - 50,married,Tetiary,islam,Nigerian,No,,University Graduate/HND,informal,Trading and commerce,80001 - 100000,3,within this LGA,7 and above,2,public transport,Rented,5001 - 10000,no,,,yes,commerce/trading,housing,yes,daily coaching center,fair,next street,borehole,PHCN',4 - 6 hours,unpaved,fair,fair,PSP/municipal collection,no,yes,No,no,no,yes,no,no,no,no,no,yes,sport activities,yes,dispensary,fair,public/government hospital,fair,nucleated,5 and above,police,effective,deliquency
Alonge str,male,31 - 40,,Tetiary,christianity,Nigerian,yes,,University Graduate/HND,formal,Trading and commerce,80001 - 100000,3,within this LGA,7 and above,1,public transport,Rented,5001 - 10000,no,,,yes,commerce/trading,housing,No,,,,borehole,PHCN',4 - 6 hours,unpaved,fair,poor,PSP/municipal collection,no,yes,No,no,no,yes,no,no,no,no,no,no,,yes,dispensary,fair,public/government hospital,fair,nucleated,5 and above,police,effective,deliquency
Mafowokun str,female,31 - 40,married,Tetiary,christianity,Nigerian,yes,,University Graduate/HND,formal,Trading and commerce,80001 - 100000,3,Others,4 - 6,2,public transport,Rented,Below 5000,yes,deduct from source (PAYE),below 5000,yes,3,markets,3,5,fair,next street,pipeborne,Generator,1  - 3 hours,unpaved,poor,excellent,private scavenger/ carts pusher,no,yes,No,no,no,no,no,no,no,no,no,yes,sport activities,yes,dispensary,fair,private hospital,fair,nucleated,5 and above,police,effective,deliquency
Abiodun str,male,21 - 30,single,secondary,islam,Nigerian,yes,,Primary,7,retired,40001 - 60000,none,Others,7 and above,2,public transport,Rented,5001 - 10000,,,below 5000,,commerce/trading,festival,,,bad,same street,,,4 - 6 hours,paved,poor,excellent,private scavenger/ carts pusher,no,yes,No,no,no,no,no,no,no,no,no,no,,yes,dispensary,fair,private hospital,good,nucleated,5 and above,police,not effective,deliquency
olatunde str,female,over 50,married,Tetiary,christianity,Nigerian,yes,,ND/NCE,informal,Trading and commerce,40001 - 60000,3,within this LGA,1 - 3,#NULL!,private vehicle,owner of dwelling place,Below 5000,yes,deduct from source (PAYE),below 5000,yes,commerce/trading,housing,No,private school,fair,next street,borehole,PHCN',4 - 6 hours,unpaved,fair,fair,PSP/municipal collection,no,yes,No,no,no,no,no,no,no,no,no,no,sport activities,yes,clinic,functioning,public/government hospital,very good,4,3,police,4,
abayomi str,male,over 50,married,Tetiary,christianity,Nigerian,yes,,University Graduate/HND,retired,civil service,80001 - 100000,1 - 2,within this LGA,7 and above,2,private vehicle,owner of dwelling place,,yes,Local government tax,5001 -10000,yes,commerce/trading,housing,yes,daily coaching center,fair,same street,borehole,PHCN',4 - 6 hours,unpaved,fair,good,communal dump,yes,yes,No,no,no,no,no,no,no,no,no,no,,yes,dispensary,fair,private hospital,good,nucleated,5 and above,police,effective,deliquency
Olorunkemi str,male,under 20,single,secondary,islam,Nigerian,yes,,SSS/Sec/TTC,informal,Trading and commerce,80001 - 100000,1 - 2,within this LGA,7 and above,2,public transport,Rented,10001 - 20000,yes,deduct from source (PAYE),below 5000,yes,commerce/trading,housing,yes,daily coaching center,fair,two streets away,borehole,PHCN',4 - 6 hours,paved,fair,poor,PSP/municipal collection,no,yes,No,no,no,no,no,no,no,no,no,no,,yes,clinic,functioning,public/government hospital,fair,nucleated,5 and above,police,effective,deliquency
olanrewaju str,male,under 20,single,secondary,christianity,Nigerian,yes,,,informal,Trading and commerce,20001 - 40000,3,within this LGA,7 and above,1,public transport,Rented,10001 - 20000,no,,,yes,commerce/trading,markets,yes,private school,Good,next street,borehole,PHCN',1  - 3 hours,unpaved,fair,fair,PSP/municipal collection,no,yes,No,no,no,no,no,no,no,no,no,no,,yes,clinic,fair,public/government hospital,very good,dispersed,3,police,effective,deliquency
odulesin str,female,41 - 50,divorced,primary,islam,Nigerian,yes,,,informal,Trading and commerce,60001 - 80000,1 - 2,within this LGA,7 and above,3,public transport,Rented,5001 - 10000,yes,deduct from source (PAYE),below 5000,yes,commerce/trading,housing,yes,daily coaching center,fair,next street,borehole,PHCN',1  - 3 hours,unpaved,fair,fair,PSP/municipal collection,no,yes,No,no,no,no,no,no,no,no,no,yes,sport activities,no,dispensary,fair,public/government hospital,fair,nucleated,5 and above,police,effective,deliquency
ayoade,male,31 - 40,married,Tetiary,christianity,Nigerian,yes,,University Graduate/HND,formal,industrial worker,40001 - 60000,none,Others,7 and above,2,public transport,Family House/inheritance,Below 5000,4,Land use Charge,below 5000,yes,commerce/trading,markets,3,public school,bad,next street,pipeborne,PHCN',4 - 6 hours,unpaved,bad,excellent,PSP/municipal collection,no,yes,No,no,no,no,no,no,no,no,no,no,,no,dispensary,functioning,private hospital,good,nucleated,4,None,,deliquency
Ogunbadejo str,male,21 - 30,married,secondary,christianity,Nigerian,yes,,University Graduate/HND,formal,Trading and commerce,20001 - 40000,3,within this LGA,7 and above,2,public transport,Rented,10001 - 20000,yes,deduct from source (PAYE),5001 -10000,yes,commerce/trading,housing,yes,daily coaching center,fair,,borehole,PHCN',12 hours and above,paved,fair,fair,PSP/municipal collection,no,yes,No,no,no,no,no,no,no,no,no,yes,sport activities,yes,dispensary,fair,public/government hospital,good,nucleated,4,police,effective,others
Ayepe,female,41 - 50,married,Tetiary,islam,Nigerian,No,Gbagada,SSS/Sec/TTC,formal,civil service,40001 - 60000,1 - 2,Outside this LGA,4 - 6,4,public transport,,,yes,deduct from source (PAYE),below 5000,no,,housing,3,private school,Good,two streets away,borehole,Solar,1  - 3 hours,paved,fair,fair,PSP/municipal collection,yes,yes,yes,no,no,no,no,no,no,no,no,yes,sport activities,no,clinic,functioning,private hospital,good,nucleated,5 and above,police,effective,deliquency
oloja str,male,21 - 30,married,Tetiary,islam,Nigerian,,,Non,formal,artisan?,20001 - 40000,none,Others,4 - 6,2,public transport,Rented,5001 - 10000,,,below 5000,yes,commerce/trading,festival,,daily coaching center,fair,next street,pipeborne,Generator,4 - 6 hours,unpaved,poor,excellent,private scavenger/ carts pusher,no,yes,No,no,no,no,no,no,no,no,no,yes,sport activities,yes,dispensary,fair,public/government hospital,good,nucleated,5 and above,police,effective,others
Mogbonjubola str,female,under 20,single,secondary,christianity,Nigerian,yes,,SSS/Sec/TTC,informal,Trading and commerce,20000 and below,none,within this LGA,7 and above,1,public transport,Rented,Below 5000,no,,,yes,commerce/trading,markets,yes,private school,Good,next street,borehole,PHCN',1  - 3 hours,unpaved,fair,poor,communal dump,no,yes,yes,no,no,no,no,no,no,no,no,no,,no,5,functioning,public/government hospital,good,nucleated,5 and above,local vigilante,effective,deliquency
Anuoluwapo,male,21 - 30,single,secondary,christianity,Nigerian,yes,,SSS/Sec/TTC,student,Trading and commerce,20000 and below,1 - 2,within this LGA,7 and above,2,public transport,Rented,5001 - 10000,no,,,yes,commerce/trading,markets,yes,public school,fair,two streets away,borehole,PHCN',4 - 6 hours,unpaved,fair,fair,PSP/municipal collection,no,yes,yes,no,no,no,no,no,no,no,no,yes,sport activities,yes,clinic,functioning,private hospital,fair,nucleated,5 and above,police,effective,others
Abeokuta strt,male,21 - 30,single,Tetiary,islam,Nigerian,yes,,SSS/Sec/TTC,apprentice,artisan?,20001 - 40000,none,within this LGA,1 - 3,1,public transport,Rented,5001 - 10000,no,,,yes,,housing,yes,private school,fair,next street,borehole,Generator and PHCN,7 - 12 hours,unpaved,poor,poor,PSP/municipal collection,no,yes,No,no,no,no,no,no,no,yes,no,no,,no,health center,functioning,private hospital,fair,linear,5 and above,local vigilante,effective,robbery
community str,female,21 - 30,single,primary,islam,Nigerian,,,,student,Trading and commerce,20000 and below,3,within this LGA,4 - 6,2,public transport,Rented,,,Land use Charge,,3,commerce/trading,markets,yes,private school,fair,same street,borehole,Generator and PHCN,,paved,poor,fair,private scavenger/ carts pusher,no,yes,yes,no,no,no,no,no,no,no,yes,no,,no,clinic,fair,Traditional,poor,,,None,not effective,others
oremeji str,male,21 - 30,single,secondary,christianity,Nigerian,yes,,SSS/Sec/TTC,formal,Trading and commerce,20000 and below,none,within this LGA,7 and above,#NULL!,public transport,Rented,5001 - 10000,yes,Land use Charge,5001 -10000,yes,,agriculture,yes,private school,Good,more than two streets,borehole,Generator and PHCN,1  - 3 hours,paved,fair,not available,private scavenger/ carts pusher,no,yes,No,no,no,yes,no,no,no,yes,no,yes,sport activities,no,health center,4,private hospital,fair,linear,5 and above,local vigilante,effective,deliquency
Ilaje road,male,41 - 50,married,Tetiary,christianity,Nigerian,6,Gbagada,University Graduate/HND,Unemployed,civil service,20000 and below,3,within this LGA,1 - 3,2,moterbike/okada,owner of dwelling place,5001 - 10000,no,deduct from source (PAYE),,3,commerce/trading,festival,yes,4,bad,more than two streets,spring,PHCN',1  - 3 hours,4,fair,excellent,PSP/municipal collection,no,yes,No,no,no,yes,no,no,no,yes,no,no,,no,health center,functioning,private hospital,good,linear,5 and above,local vigilante,effective,deliquency
Ilaje road,male,31 - 40,single,Tetiary,islam,Nigerian,yes,,University Graduate/HND,formal,Trading and commerce,20001 - 40000,none,within this LGA,7 and above,1,public transport,Rented,Below 5000,yes,Land use Charge,,,commerce/trading,,4,public school,bad,same street,well,Generator,12 hours and above,No drainage,good,good,others,no,No,No,no,no,no,no,no,no,yes,no,yes,sport activities,no,health center,fair,private hospital,fair,linear,5 and above,local vigilante,not effective,robbery
community str,male,21 - 30,single,Tetiary,christianity,Nigerian,yes,,University Graduate/HND,formal,Trading and commerce,40001 - 60000,above 3,within this LGA,7 and above,3,private vehicle,Rented,20001 - 30000,yes,Tenement rate,5001 -10000,yes,,agriculture,yes,private school,fair,next street,borehole,Generator and PHCN,7 - 12 hours,unpaved,poor,good,PSP/municipal collection,no,yes,No,no,no,yes,no,no,no,no,yes,,,no,health center,fair,private hospital,fair,linear,5 and above,police,effective,burglary
obadiah str,male,21 - 30,single,secondary,christianity,Nigerian,yes,,SSS/Sec/TTC,formal,Trading and commerce,20000 and below,none,within this LGA,7 and above,3,public transport,Rented,above 30000,yes,Local government tax,5001 -10000,yes,,housing,yes,private school,Good,more than two streets,borehole,Generator and PHCN,1  - 3 hours,unpaved,bad,not available,PSP/municipal collection,no,yes,No,no,no,yes,no,no,no,no,no,no,,no,health center,functioning,private hospital,fair,linear,5 and above,police,effective,burglary
olawale lawal str,male,21 - 30,single,Tetiary,christianity,Nigerian,yes,,University Graduate/HND,formal,civil service,Above 100000,none,Outside this LGA,7 and above,3,public transport,Rented,5001 - 10000,yes,Land use Charge,below 5000,yes,,others,yes,public school,Good,more than two streets,borehole,Generator and PHCN,4 - 6 hours,unpaved,fair,fair,PSP/municipal collection,no,yes,yes,no,no,yes,no,no,no,no,no,no,,no,health center,fair,private hospital,fair,linear,5 and above,local vigilante,effective,burglary
alhaja alene str,male,31 - 40,married,secondary,christianity,Nigerian,yes,,SSS/Sec/TTC,formal,Trading and commerce,40001 - 60000,above 3,within this LGA,7 and above,3,public transport,Rented,20001 - 30000,no,,,,,,yes,private school,,more than two streets,borehole,Generator and PHCN,4 - 6 hours,unpaved,bad,poor,private scavenger/ carts pusher,no,yes,yes,no,no,yes,no,no,no,no,no,,,no,health center,fair,private hospital,fair,linear,5 and above,local vigilante,not effective,robbery
igbaja str,male,31 - 40,single,Tetiary,christianity,Nigerian,yes,,University Graduate/HND,formal,industrial worker,Above 100000,none,Outside this LGA,7 and above,#NULL!,public transport,Rented,5001 - 10000,yes,Local government tax,5001 -10000,yes,,agriculture,yes,private school,fair,more than two streets,borehole,Generator and PHCN,7 - 12 hours,unpaved,bad,not available,private scavenger/ carts pusher,no,yes,No,no,yes,no,no,no,no,no,no,,,no,health center,functioning,private hospital,fair,linear,5 and above,local vigilante,effective,burglary
oshinfolarin str,male,31 - 40,,Tetiary,christianity,Nigerian,yes,,University Graduate/HND,formal,Trading and commerce,80001 - 100000,1 - 2,within this LGA,4 - 6,1,public transport,owner of dwelling place,,yes,Land use Charge,10001 - 20000,yes,,housing,yes,private school,fair,more than two streets,water vendor,Generator and PHCN,4 - 6 hours,paved,bad,not available,private scavenger/ carts pusher,no,No,No,no,no,yes,no,no,no,no,no,no,,no,health center,functioning,private hospital,fair,linear,5 and above,local vigilante,effective,burglary
Ilaje road,male,21 - 30,single,Tetiary,christianity,Nigerian,yes,,University Graduate/HND,student,,,above 3,,7 and above,3,private vehicle,Rented,20001 - 30000,yes,Tenement rate,5001 -10000,yes,,housing,,private school,fair,more than two streets,borehole,Generator and PHCN,7 - 12 hours,paved,fair,not available,burning and burying,no,No,No,no,no,yes,no,no,no,yes,no,no,,no,health center,functioning,private hospital,fair,linear,5 and above,local vigilante,effective,burglary
Ilaje road,female,21 - 30,single,Tetiary,islam,Nigerian,yes,,University Graduate/HND,formal,Trading and commerce,80001 - 100000,1 - 2,Outside this LGA,4 - 6,1,private vehicle,Rented,20001 - 30000,yes,Tenement rate,5001 -10000,yes,,housing,yes,private school,fair,more than two streets,borehole,Generator and PHCN,7 - 12 hours,paved,poor,not available,private scavenger/ carts pusher,no,yes,No,no,no,no,no,no,no,yes,no,no,,no,health center,functioning,private hospital,fair,linear,5 and above,local vigilante,not effective,robbery
odusanya str,male,31 - 40,married,Tetiary,christianity,Nigerian,yes,,University Graduate/HND,formal,industrial worker,Above 100000,1 - 2,Outside this LGA,1 - 3,1,private vehicle,Rented,20001 - 30000,yes,Tenement rate,5001 -10000,yes,,agriculture,yes,public school,fair,more than two streets,borehole,Generator and PHCN,7 - 12 hours,unpaved,poor,poor,private scavenger/ carts pusher,no,yes,No,no,no,no,no,no,no,yes,no,no,,no,health center,functioning,private hospital,fair,linear,5 and above,local vigilante,not effective,deliquency
Ilaje road,female,21 - 30,single,secondary,christianity,Nigerian,yes,,SSS/Sec/TTC,informal,artisan?,20001 - 40000,none,Others,4 - 6,2,public transport,Rented,5001 - 10000,,,,,,,,,,,,,,,,,,,,,,,,,,,,,,,,,,private hospital,fair,linear,5 and above,police,not effective,deliquency
rufai str,female,41 - 50,married,secondary,christianity,Nigerian,yes,,SSS/Sec/TTC,informal,Trading and commerce,40001 - 60000,none,within this LGA,4 - 6,1,,Rented,5001 - 10000,no,,,yes,commerce/trading,housing,yes,private school,Good,same street,borehole,PHCN',4 - 6 hours,unpaved,poor,fair,PSP/municipal collection,no,yes,No,no,no,yes,no,no,no,no,no,no,,yes,health center,fair,public/government hospital,good,nucleated,5 and above,others,effective,
salami shuabi str,female,31 - 40,married,secondary,christianity,Nigerian,yes,,SSS/Sec/TTC,apprentice,Trading and commerce,20001 - 40000,1 - 2,within this LGA,4 - 6,1,private vehicle,Rented,5001 - 10000,no,,,no,,markets,yes,private school,Good,same street,borehole,Generator and PHCN,7 - 12 hours,paved,good,poor,PSP/municipal collection,no,yes,yes,no,no,yes,no,yes,no,no,no,no,,no,general Hospital,functioning,private hospital,very good,,3,local vigilante,effective,burglary
eyiowuawi str,male,21 - 30,single,Tetiary,christianity,Nigerian,yes,,University Graduate/HND,apprentice,artisan?,20001 - 40000,none,within this LGA,1 - 3,1,public transport,Rented,Below 5000,no,,,yes,commerce/trading,housing,yes,public school,Good,two streets away,well,Generator,1  - 3 hours,paved,good,poor,communal dump,no,yes,yes,no,no,yes,no,yes,no,no,no,no,,no,,,,fair,nucleated,4,None,not effective,
ogunmefun str,male,31 - 40,married,Tetiary,christianity,Nigerian,No,Gbagada,University Graduate/HND,informal,Trading and commerce,Above 100000,1 - 2,within this LGA,1 - 3,1,Foot,Family House/inheritance,,yes,Local government tax,10001 - 20000,yes,commerce/trading,markets,yes,private school,Good,,water vendor,PHCN',1  - 3 hours,paved,fair,fair,PSP/municipal collection,no,yes,yes,no,yes,yes,no,yes,yes,no,no,yes,sport activities,no,clinic,functioning,public/government hospital,good,nucleated,3,police,effective,burglary
alabi str,female,over 50,married,Tetiary,christianity,Nigerian,yes,,University Graduate/HND,retired,Trading and commerce,40001 - 60000,1 - 2,within this LGA,4 - 6,1,public transport,Rented,20001 - 30000,no,,,yes,commerce/trading,,yes,private school,Good,next street,borehole,Generator and PHCN,1  - 3 hours,unpaved,poor,fair,communal dump,no,yes,yes,no,no,yes,no,yes,no,no,no,no,,no,general Hospital,functioning,private hospital,very good,dispersed,4,police,,
ebinpeju str,male,41 - 50,married,secondary,islam,Nigerian,yes,,SSS/Sec/TTC,informal,Trading and commerce,20000 and below,none,within this LGA,4 - 6,3,public transport,Rented,10001 - 20000,no,,,yes,commerce/trading,housing,yes,public school,fair,next street,borehole,Generator,1  - 3 hours,unpaved,fair,good,PSP/municipal collection,no,yes,yes,no,no,yes,no,yes,no,no,no,no,,no,5,,public/government hospital,good,nucleated,4,local vigilante,effective,
bola adewumi str,male,21 - 30,single,Tetiary,islam,Nigerian,yes,,University Graduate/HND,formal,Trading and commerce,20001 - 40000,above 3,Outside this LGA,4 - 6,2,public transport,Family House/inheritance,,no,,,yes,commerce/trading,housing,No,public school,Good,next street,borehole,Generator and PHCN,4 - 6 hours,unpaved,good,fair,PSP/municipal collection,no,yes,yes,no,no,no,no,yes,no,no,no,no,,,clinic,functioning,private hospital,very good,nucleated,4,police,very effective,
oke str,male,31 - 40,married,others,christianity,Nigerian,yes,,University Graduate/HND,informal,Trading and commerce,80001 - 100000,none,within this LGA,4 - 6,1,public transport,Rented,20001 - 30000,yes,Local government tax,5001 -10000,yes,commerce/trading,markets,yes,public school,Good,same street,borehole,Generator,1  - 3 hours,unpaved,poor,fair,PSP/municipal collection,no,yes,yes,yes,no,yes,no,yes,yes,no,no,yes,event and ceremonies,yes,general Hospital,functioning,public/government hospital,fair,nucleated,3,police,not effective,robbery
alfa sanni str,female,31 - 40,married,Tetiary,islam,Nigerian,yes,,University Graduate/HND,informal,Trading and commerce,60001 - 80000,1 - 2,within this LGA,4 - 6,1,private vehicle,Rented,20001 - 30000,no,,,yes,commerce/trading,markets,yes,private school,Good,same street,borehole,Generator and PHCN,1  - 3 hours,unpaved,fair,good,PSP/municipal collection,no,yes,yes,no,no,yes,no,yes,no,no,no,no,,no,general Hospital,functioning,public/government hospital,good,nucleated,2,local vigilante,effective,
olorunfunmi str,male,31 - 40,married,Tetiary,christianity,Nigerian,yes,,University Graduate/HND,informal,Trading and commerce,80001 - 100000,1 - 2,within this LGA,1 - 3,1,public transport,Rented,20001 - 30000,no,,,yes,commerce/trading,housing,yes,private school,Good,next street,borehole,Generator and PHCN,1  - 3 hours,unpaved,fair,good,PSP/municipal collection,no,yes,yes,no,no,yes,no,no,no,no,no,yes,sport activities,no,general Hospital,functioning,public/government hospital,good,nucleated,2,local vigilante,effective,robbery
onisemo str,male,over 50,seperated,secondary,christianity,Nigerian,yes,,SSS/Sec/TTC,informal,Trading and commerce,,,,1 - 3,1,public transport,Rented,5001 - 10000,,,,yes,commerce/trading,housing,yes,public school,Good,same street,borehole,Generator,1  - 3 hours,,,fair,private scavenger/ carts pusher,no,yes,yes,no,no,yes,no,yes,yes,no,no,no,,no,general Hospital,functioning,public/government hospital,poor,nucleated,4,None,,
johnson str,male,41 - 50,married,secondary,islam,Nigerian,yes,,SSS/Sec/TTC,informal,8,20001 - 40000,none,within this LGA,7 and above,3,public transport,Rented,Below 5000,no,,,yes,commerce/trading,housing,yes,public school,Good,same street,pipeborne,Generator and PHCN,1  - 3 hours,,,good,PSP/municipal collection,no,yes,yes,yes,no,yes,no,yes,yes,no,no,yes,event and ceremonies,yes,general Hospital,functioning,public/government hospital,good,nucleated,5 and above,local vigilante,effective,robbery
awomodu str,female,31 - 40,married,Tetiary,christianity,Nigerian,yes,,University Graduate/HND,informal,Trading and commerce,60001 - 80000,1 - 2,within this LGA,1 - 3,1,public transport,Rented,5001 - 10000,no,,,yes,commerce/trading,housing,yes,private school,Good,next street,borehole,Generator and PHCN,4 - 6 hours,unpaved,fair,fair,PSP/municipal collection,yes,yes,yes,no,no,yes,no,yes,no,no,no,yes,event and ceremonies,no,general Hospital,functioning,public/government hospital,good,nucleated,3,None,not effective,
igi olugbin str,female,31 - 40,married,,christianity,Nigerian,yes,,University Graduate/HND,formal,artisan?,60001 - 80000,,within this LGA,1 - 3,1,Tricycle,Rented,5001 - 10000,no,,,yes,,,yes,private school,Good,next street,water vendor,PHCN',4 - 6 hours,No drainage,poor,fair,PSP/municipal collection,yes,yes,yes,no,no,no,no,no,no,no,no,yes,event and ceremonies,yes,clinic,functioning,private hospital,fair,,5 and above,local vigilante,not effective,robbery
kadiri str,male,under 20,single,secondary,islam,Nigerian,yes,,SSS/Sec/TTC,student,Others,40001 - 60000,none,within this LGA,4 - 6,1,public transport,Rented,Below 5000,no,,,yes,commerce/trading,markets,yes,public school,bad,more than two streets,pipeborne,Generator and PHCN,4 - 6 hours,No drainage,,poor,PSP/municipal collection,no,yes,No,no,no,no,no,no,no,no,no,no,,no,general Hospital,fair,public/government hospital,fair,linear,5 and above,local vigilante,very effective,robbery
igi olugbin str,female,21 - 30,single,Tetiary,christianity,Nigerian,yes,,ND/NCE,student,Trading and commerce,,1 - 2,within this LGA,4 - 6,1,public transport,Rented,above 30000,yes,Local government tax,5001 -10000,yes,commerce/trading,housing,yes,public school,fair,more than two streets,borehole,Generator and PHCN,7 - 12 hours,No drainage,bad,not available,PSP/municipal collection,no,yes,yes,no,no,no,no,no,no,no,no,yes,event and ceremonies,yes,health center,fair,public/government hospital,fair,linear,5 and above,None,not effective,robbery
arikewuyo str,male,31 - 40,married,Tetiary,christianity,Nigerian,yes,,University Graduate/HND,informal,Trading and commerce,20001 - 40000,none,within this LGA,4 - 6,1,public transport,Rented,5001 - 10000,no,,,yes,commerce/trading,markets,yes,private school,Good,same street,borehole,Generator and PHCN,1  - 3 hours,paved,good,good,PSP/municipal collection,no,yes,yes,no,no,yes,no,yes,no,no,no,no,,no,general Hospital,functioning,public/government hospital,good,nucleated,3,local vigilante,not effective,
igi olugbin str,female,21 - 30,married,others,christianity,Nigerian,yes,,University Graduate/HND,informal,Trading and commerce,40001 - 60000,3,within this LGA,4 - 6,1,public transport,Rented,5001 - 10000,yes,Local government tax,5001 -10000,yes,commerce/trading,housing,yes,public school,Good,same street,pipeborne,Generator and PHCN,1  - 3 hours,paved,good,fair,private scavenger/ carts pusher,no,yes,yes,no,no,yes,no,no,no,no,no,no,,yes,clinic,functioning,public/government hospital,fair,nucleated,5 and above,local vigilante,not effective,robbery
igbeyinadun str,female,41 - 50,married,Tetiary,christianity,Nigerian,yes,,University Graduate/HND,informal,Trading and commerce,80001 - 100000,1 - 2,within this LGA,1 - 3,1,private vehicle,Rented,20001 - 30000,yes,deduct from source (PAYE),5001 -10000,yes,commerce/trading,housing,yes,private school,Good,same street,borehole,PHCN',7 - 12 hours,unpaved,good,good,private scavenger/ carts pusher,no,yes,yes,yes,no,yes,no,yes,yes,no,no,yes,sport activities,no,general Hospital,functioning,public/government hospital,very good,nucleated,2,local vigilante,effective,
adeleye str,male,31 - 40,married,Tetiary,islam,Nigerian,yes,,University Graduate/HND,informal,Trading and commerce,20000 and below,none,within this LGA,4 - 6,1,public transport,Rented,Below 5000,yes,Tenement rate,below 5000,yes,commerce/trading,markets,yes,private school,Good,next street,borehole,PHCN',1  - 3 hours,unpaved,fair,excellent,PSP/municipal collection,no,yes,yes,no,no,yes,yes,yes,no,no,no,no,,yes,clinic,functioning,private hospital,fair,nucleated,4,None,,
bailey str,male,31 - 40,married,primary,christianity,Nigerian,yes,,Primary,informal,Trading and commerce,20000 and below,none,within this LGA,1 - 3,1,private vehicle,Rented,Below 5000,no,,,no,,markets,yes,public school,Good,same street,borehole,PHCN',7 - 12 hours,No drainage,fair,fair,communal dump,yes,No,yes,yes,no,no,no,no,yes,no,no,no,,no,clinic,functioning,private hospital,good,nucleated,5 and above,local vigilante,effective,
igi olugbin str,female,21 - 30,single,Tetiary,islam,Nigerian,yes,,ND/NCE,informal,Trading and commerce,20000 and below,none,within this LGA,7 and above,3,public transport,Rented,Below 5000,yes,Local government tax,below 5000,yes,commerce/trading,housing,yes,public school,Good,same street,water vendor,Generator and PHCN,7 - 12 hours,paved,fair,fair,PSP/municipal collection,no,yes,yes,no,no,yes,no,no,no,no,no,no,,no,health center,fair,private hospital,good,nucleated,5 and above,local vigilante,effective,
olaniyi str,female,over 50,married,primary,christianity,Nigerian,yes,,Primary,informal,Trading and commerce,20000 and below,none,within this LGA,,#NULL!,public transport,Rented,Below 5000,no,,,yes,commerce/trading,housing,yes,public school,Good,same street,pipeborne,Generator and PHCN,,paved,fair,fair,PSP/municipal collection,no,yes,yes,no,no,yes,no,yes,no,no,no,no,,yes,general Hospital,functioning,public/government hospital,good,nucleated,5 and above,local vigilante,effective,
oshipitan str,female,41 - 50,married,Tetiary,islam,Nigerian,yes,,University Graduate/HND,informal,Trading and commerce,20001 - 40000,1 - 2,within this LGA,7 and above,1,public transport,Rented,5001 - 10000,yes,Local government tax,5001 -10000,yes,commerce/trading,markets,yes,public school,Good,same street,borehole,Generator and PHCN,4 - 6 hours,paved,poor,fair,private scavenger/ carts pusher,no,yes,yes,yes,no,yes,no,no,no,yes,no,no,,no,general Hospital,functioning,private hospital,good,nucleated,5 and above,local vigilante,effective,
onobola str,female,41 - 50,married,secondary,islam,Nigerian,yes,,SSS/Sec/TTC,informal,Trading and commerce,20000 and below,none,within this LGA,1 - 3,1,public transport,Rented,Below 5000,yes,Local government tax,below 5000,yes,commerce/trading,housing,yes,public school,Good,same street,borehole,Generator and PHCN,4 - 6 hours,unpaved,poor,fair,PSP/municipal collection,no,yes,yes,no,no,no,no,no,no,no,no,no,,no,health center,fair,private hospital,good,nucleated,5 and above,local vigilante,effective,
jabin str,male,31 - 40,married,secondary,christianity,Nigerian,yes,,SSS/Sec/TTC,informal,artisan?,20001 - 40000,,within this LGA,4 - 6,1,public transport,Family House/inheritance,,yes,deduct from source (PAYE),below 5000,yes,commerce/trading,housing,yes,public school,Good,same street,borehole,Generator and PHCN,4 - 6 hours,paved,poor,fair,PSP/municipal collection,no,yes,yes,yes,no,yes,no,yes,no,no,no,no,,no,health center,fair,private hospital,fair,nucleated,5 and above,local vigilante,effective,burglary
ijebumi str,female,21 - 30,married,secondary,christianity,Nigerian,yes,,SSS/Sec/TTC,informal,Trading and commerce,20001 - 40000,none,within this LGA,1 - 3,1,public transport,Rented,Below 5000,no,,,yes,,housing,yes,private school,Good,same street,borehole,Generator and PHCN,7 - 12 hours,paved,fair,fair,PSP/municipal collection,no,yes,yes,yes,no,yes,no,yes,yes,yes,yes,no,,yes,general Hospital,fair,private hospital,good,nucleated,5 and above,police,effective,robbery
awolabi str,female,over 50,married,secondary,christianity,Nigerian,yes,,SSS/Sec/TTC,informal,civil service,20000 and below,none,within this LGA,4 - 6,1,public transport,Rented,Below 5000,no,,,yes,commerce/trading,housing,yes,public school,Good,more than two streets,borehole,Generator and PHCN,1  - 3 hours,paved,fair,fair,PSP/municipal collection,no,yes,yes,no,no,yes,no,yes,no,no,no,no,,yes,health center,fair,private hospital,poor,nucleated,5 and above,local vigilante,very effective,
bawala str,female,,married,secondary,christianity,Nigerian,No,,,,,,,,,#NULL!,,,,,,,,,,yes,private school,fair,next street,water vendor,Generator and PHCN,1  - 3 hours,paved,fair,,private scavenger/ carts pusher,no,yes,yes,no,no,no,no,no,no,no,no,no,,no,clinic,functioning,public/government hospital,fair,nucleated,3,police,effective,burglary
igbeyinadun str,male,41 - 50,married,secondary,islam,Nigerian,yes,,SSS/Sec/TTC,informal,Trading and commerce,,none,within this LGA,4 - 6,1,public transport,Rented,10001 - 20000,yes,deduct from source (PAYE),below 5000,yes,commerce/trading,housing,yes,private school,Good,same street,well,Generator and PHCN,4 - 6 hours,paved,fair,poor,PSP/municipal collection,no,yes,yes,no,no,yes,no,yes,no,no,no,no,,no,general Hospital,functioning,private hospital,fair,nucleated,3,None,not effective,deliquency
oke str,female,31 - 40,married,secondary,christianity,Nigerian,yes,,SSS/Sec/TTC,informal,artisan?,20001 - 40000,none,within this LGA,4 - 6,1,public transport,Rented,Below 5000,yes,others,,yes,,agriculture,yes,public school,fair,next street,borehole,Generator and PHCN,7 - 12 hours,paved,fair,fair,PSP/municipal collection,no,yes,yes,no,no,yes,no,yes,no,no,no,no,,yes,general Hospital,functioning,private hospital,fair,nucleated,5 and above,local vigilante,effective,
damole str,female,41 - 50,married,secondary,islam,Nigerian,yes,,SSS/Sec/TTC,informal,Trading and commerce,40001 - 60000,none,within this LGA,4 - 6,1,public transport,Rented,5001 - 10000,no,,,yes,,markets,yes,public school,Good,next street,pipeborne,PHCN',4 - 6 hours,paved,poor,not available,PSP/municipal collection,no,yes,yes,no,no,no,no,yes,no,no,no,no,,yes,clinic,functioning,public/government hospital,good,nucleated,5 and above,None,,
damole str,male,under 20,single,secondary,christianity,Nigerian,yes,,Primary,Unemployed,,60001 - 80000,,,1 - 3,1,public transport,Rented,5001 - 10000,yes,others,,yes,,markets,yes,public school,fair,next street,pipeborne,PHCN',1  - 3 hours,unpaved,bad,not available,PSP/municipal collection,no,yes,yes,no,no,yes,no,no,no,no,no,no,,yes,,,,poor,nucleated,5 and above,None,,
damole str,male,under 20,single,secondary,christianity,Nigerian,yes,,Primary,Unemployed,,,1 - 2,,4 - 6,1,public transport,Rented,5001 - 10000,,,,yes,,housing,yes,public school,Good,next street,borehole,Generator,4 - 6 hours,unpaved,fair,not available,PSP/municipal collection,no,yes,yes,no,no,no,no,yes,no,yes,no,yes,sport activities,yes,health center,functioning,public/government hospital,good,nucleated,5 and above,None,,
jossy castro str,male,21 - 30,single,secondary,islam,Nigerian,yes,,,informal,artisan?,20000 and below,none,within this LGA,,#NULL!,public transport,Rented,Below 5000,,,,yes,,markets,yes,public school,Good,next street,borehole,Generator,4 - 6 hours,paved,fair,,PSP/municipal collection,,,,,,,,,,,,yes,sport activities,no,health center,fair,private hospital,very good,nucleated,,local vigilante,very effective,
jossy castro str,male,31 - 40,married,secondary,christianity,Nigerian,yes,,,informal,artisan?,60001 - 80000,1 - 2,Outside this LGA,4 - 6,1,public transport,Rented,10001 - 20000,yes,Local government tax,5001 -10000,yes,,markets,yes,private school,Good,more than two streets,pipeborne,PHCN',1  - 3 hours,paved,good,not available,PSP/municipal collection,no,yes,yes,no,no,yes,no,yes,no,yes,no,no,,no,health center,functioning,private hospital,fair,nucleated,5 and above,local vigilante,effective,
adeniji str,male,under 20,single,secondary,islam,Nigerian,No,Mushin,SSS/Sec/TTC,student,Others,20000 and below,1 - 2,Others,7 and above,3,public transport,Rented,5001 - 10000,yes,Local government tax,,yes,,markets,yes,public school,Good,next street,borehole,PHCN',12 hours and above,paved,good,excellent,PSP/municipal collection,no,yes,No,yes,no,yes,no,yes,no,no,no,no,,no,health center,functioning,private hospital,very good,linear,5 and above,local vigilante,effective,others
bankole str,male,under 20,single,secondary,christianity,Nigerian,yes,,SSS/Sec/TTC,student,,,1 - 2,Outside this LGA,4 - 6,1,public transport,Rented,Below 5000,no,,,yes,commerce/trading,markets,yes,public school,Good,more than two streets,borehole,Generator and PHCN,4 - 6 hours,paved,good,poor,private scavenger/ carts pusher,no,yes,No,no,no,no,no,no,no,no,no,yes,sport activities,yes,clinic,functioning,public/government hospital,good,nucleated,5 and above,local vigilante,effective,
ayodele fadayi str,male,under 20,single,secondary,islam,Nigerian,yes,,SSS/Sec/TTC,student,,Above 100000,1 - 2,Outside this LGA,4 - 6,1,private vehicle,Rented,10001 - 20000,no,,,yes,commerce/trading,markets,yes,private school,Good,more than two streets,water vendor,PHCN',,,fair,good,PSP/municipal collection,no,yes,yes,no,no,no,no,no,no,no,no,no,,no,general Hospital,functioning,public/government hospital,fair,nucleated,5 and above,police,effective,robbery
feyisara str,male,under 20,single,secondary,islam,Nigerian,yes,,SSS/Sec/TTC,student,Others,Above 100000,1 - 2,within this LGA,4 - 6,1,public transport,Rented,above 30000,yes,Tenement rate,below 5000,yes,commerce/trading,housing,yes,private school,Good,more than two streets,borehole,PHCN',4 - 6 hours,paved,fair,fair,PSP/municipal collection,yes,yes,yes,no,no,no,no,no,no,no,no,yes,sport activities,yes,general Hospital,fair,public/government hospital,good,linear,3,local vigilante,very effective,robbery
olorunsogo str,male,under 20,single,secondary,islam,Nigerian,yes,,Primary,student,Others,Above 100000,3,,7 and above,3,public transport,Rented,above 30000,yes,deduct from source (PAYE),5001 -10000,yes,commerce/trading,markets,yes,private school,Good,same street,borehole,PHCN',7 - 12 hours,paved,good,good,PSP/municipal collection,yes,yes,yes,no,no,no,no,no,no,yes,no,no,,yes,general Hospital,poor,private hospital,very good,linear,4,local vigilante,effective,
eyo str,female,under 20,single,secondary,christianity,Nigerian,yes,,SSS/Sec/TTC,student,Others,60001 - 80000,none,within this LGA,4 - 6,1,public transport,Rented,20001 - 30000,yes,Land use Charge,below 5000,yes,commerce/trading,,yes,private school,fair,more than two streets,borehole,Solar,12 hours and above,unpaved,fair,fair,PSP/municipal collection,no,yes,yes,yes,no,yes,no,yes,yes,yes,no,yes,sport activities,no,health center,fair,private hospital,fair,dispersed,5 and above,local vigilante,not effective,robbery
igi olugbin str,female,under 20,single,secondary,islam,Nigerian,yes,,JSS/Modern school,student,Others,Above 100000,above 3,Outside this LGA,4 - 6,1,public transport,Rented,above 30000,no,,,no,,housing,No,,fair,more than two streets,borehole,PHCN',12 hours and above,unpaved,fair,good,communal dump,no,yes,yes,no,no,no,no,no,no,no,no,no,,no,general Hospital,functioning,private hospital,fair,nucleated,4,local vigilante,effective,deliquency
onipe str,male,under 20,single,secondary,christianity,Nigerian,yes,,SSS/Sec/TTC,student,Others,,3,,,#NULL!,public transport,Rented,,no,,,yes,,markets,yes,public school,fair,more than two streets,borehole,Generator and PHCN,4 - 6 hours,paved,fair,not available,PSP/municipal collection,no,No,No,no,no,no,no,no,no,no,no,,,yes,health center,fair,,,,,,,
onipe str,female,31 - 40,married,primary,christianity,Nigerian,yes,,Primary,informal,Trading and commerce,20001 - 40000,1 - 2,within this LGA,4 - 6,1,public transport,Rented,5001 - 10000,no,,,yes,,,yes,private school,Good,same street,pipeborne,PHCN',1  - 3 hours,unpaved,fair,not available,PSP/municipal collection,no,yes,yes,no,no,no,no,yes,no,yes,no,no,,yes,health center,functioning,private hospital,fair,nucleated,,None,,
onipe str,male,31 - 40,single,Tetiary,islam,Nigerian,yes,,University Graduate/HND,informal,artisan?,20001 - 40000,none,Outside this LGA,7 and above,2,public transport,Rented,Below 5000,yes,deduct from source (PAYE),below 5000,yes,,festival,yes,private school,Good,same street,pipeborne,PHCN',4 - 6 hours,unpaved,bad,not available,PSP/municipal collection,no,yes,yes,yes,no,yes,no,yes,yes,no,no,no,,no,health center,functioning,private hospital,fair,nucleated,3,,,deliquency
olowu str,male,31 - 40,married,secondary,christianity,Nigerian,yes,,JSS/Modern school,informal,Trading and commerce,40001 - 60000,none,within this LGA,1 - 3,1,public transport,Rented,Below 5000,no,,,yes,,housing,yes,private school,fair,same street,borehole,PHCN',7 - 12 hours,unpaved,bad,not available,PSP/municipal collection,no,yes,yes,no,no,yes,no,yes,no,no,no,yes,social gathering,yes,clinic,functioning,private hospital,good,nucleated,5 and above,local vigilante,very effective,robbery
lad-lak str,male,under 20,single,secondary,islam,Nigerian,yes,,SSS/Sec/TTC,informal,Trading and commerce,40001 - 60000,none,within this LGA,7 and above,3,public transport,Rented,Below 5000,yes,Local government tax,below 5000,yes,,housing,yes,private school,Good,same street,pipeborne,Generator and PHCN,1  - 3 hours,paved,fair,fair,PSP/municipal collection,no,yes,yes,no,no,no,no,no,no,no,no,yes,social gathering,no,clinic,functioning,private hospital,good,nucleated,5 and above,local vigilante,effective,deliquency
oyenaiya str,male,under 20,single,secondary,islam,Nigerian,yes,,JSS/Modern school,apprentice,,Above 100000,none,within this LGA,7 and above,3,public transport,owner of dwelling place,,no,,,yes,,housing,yes,private school,Good,same street,borehole,PHCN',1  - 3 hours,unpaved,fair,not available,PSP/municipal collection,no,yes,No,no,no,no,no,no,no,no,no,yes,sport activities,no,dispensary,functioning,Others,good,nucleated,4,local vigilante,effective,deliquency
okuta str,male,21 - 30,single,secondary,christianity,Nigerian,yes,,SSS/Sec/TTC,informal,artisan?,40001 - 60000,1 - 2,within this LGA,4 - 6,2,public transport,Rented,20001 - 30000,no,,,yes,,,yes,public school,Good,more than two streets,water vendor,PHCN',1  - 3 hours,unpaved,good,not available,PSP/municipal collection,no,yes,yes,no,no,no,no,yes,yes,no,no,no,,yes,,,public/government hospital,good,nucleated,5 and above,local vigilante,effective,
damole str,male,31 - 40,married,Tetiary,islam,Nigerian,yes,,University Graduate/HND,Unemployed,Trading and commerce,20001 - 40000,none,Outside this LGA,7 and above,3,public transport,Rented,5001 - 10000,no,,,yes,commerce/trading,markets,yes,public school,Good,next street,pipeborne,PHCN',1  - 3 hours,unpaved,bad,not available,PSP/municipal collection,no,yes,yes,no,no,yes,no,yes,no,no,no,yes,social gathering,no,health center,fair,public/government hospital,good,nucleated,5 and above,local vigilante,effective,
community str,male,21 - 30,single,Tetiary,christianity,Nigerian,yes,,University Graduate/HND,formal,Trading and commerce,40001 - 60000,above 3,within this LGA,7 and above,3,private vehicle,Rented,20001 - 30000,yes,Tenement rate,5001 -10000,,,,yes,private school,fair,same street,borehole,Generator and PHCN,7 - 12 hours,unpaved,poor,good,PSP/municipal collection,no,yes,yes,no,no,yes,no,no,no,no,no,no,,no,health center,fair,private hospital,fair,linear,5 and above,police,effective,burglary
obadiah str,male,21 - 30,single,secondary,christianity,Nigerian,yes,,SSS/Sec/TTC,formal,Trading and commerce,20000 and below,none,within this LGA,7 and above,3,public transport,Rented,above 30000,yes,Local government tax,5001 -10000,yes,,housing,yes,private school,Good,more than two streets,borehole,Generator and PHCN,1  - 3 hours,unpaved,bad,not available,PSP/municipal collection,no,yes,No,no,no,yes,no,no,no,no,no,no,,no,health center,functioning,private hospital,fair,linear,5 and above,police,effective,burglary
alhaja alene str,female,31 - 40,married,secondary,christianity,Nigerian,yes,,SSS/Sec/TTC,formal,Trading and commerce,40001 - 60000,above 3,within this LGA,7 and above,3,public transport,Rented,20001 - 30000,no,,,yes,,housing,yes,private school,fair,more than two streets,borehole,Generator and PHCN,4 - 6 hours,unpaved,bad,poor,private scavenger/ carts pusher,no,yes,No,no,no,yes,no,no,no,no,no,no,,no,health center,functioning,private hospital,fair,linear,5 and above,local vigilante,not effective,burglary
olawale lawal str,male,21 - 30,single,Tetiary,christianity,Nigerian,yes,,University Graduate/HND,formal,industrial worker,Above 100000,none,Outside this LGA,7 and above,3,public transport,Rented,5001 - 10000,yes,Land use Charge,below 5000,yes,,agriculture,yes,private school,Good,more than two streets,borehole,Generator and PHCN,4 - 6 hours,unpaved,fair,fair,PSP/municipal collection,no,yes,No,no,no,yes,no,no,no,no,no,no,,no,health center,functioning,private hospital,fair,linear,5 and above,local vigilante,effective,burglary
igbaja str,male,31 - 40,single,Tetiary,christianity,Nigerian,yes,,University Graduate/HND,formal,industrial worker,Above 100000,none,Outside this LGA,1 - 3,1,public transport,owner of dwelling place,,yes,Land use Charge,5001 -10000,yes,,housing,yes,private school,fair,more than two streets,borehole,Generator and PHCN,4 - 6 hours,unpaved,bad,poor,private scavenger/ carts pusher,no,yes,No,no,no,no,no,no,no,no,no,no,,no,health center,functioning,private hospital,fair,linear,,local vigilante,very effective,burglary
oshinfolarin str,male,41 - 50,married,Tetiary,christianity,Nigerian,yes,,University Graduate/HND,formal,Trading and commerce,80001 - 100000,1 - 2,within this LGA,4 - 6,1,public transport,owner of dwelling place,,yes,Land use Charge,10001 - 20000,yes,,housing,yes,private school,fair,more than two streets,water vendor,Generator and PHCN,4 - 6 hours,paved,bad,not available,private scavenger/ carts pusher,no,yes,No,no,no,no,no,no,no,no,no,no,,no,health center,functioning,private hospital,fair,linear,5 and above,local vigilante,effective,burglary
Ilaje road,female,21 - 30,single,Tetiary,christianity,Nigerian,yes,,University Graduate/HND,student,,,above 3,,7 and above,3,private vehicle,Rented,20001 - 30000,yes,Tenement rate,5001 -10000,yes,,housing,yes,private school,fair,more than two streets,borehole,Generator and PHCN,7 - 12 hours,paved,fair,not available,burning and burying,no,yes,No,no,no,yes,no,no,no,yes,no,no,,no,health center,functioning,private hospital,fair,linear,5 and above,local vigilante,effective,burglary
Ilaje road,male,over 50,married,Tetiary,islam,Nigerian,yes,,University Graduate/HND,retired,retired,,1 - 2,,7 and above,3,public transport,owner of dwelling place,,yes,Land use Charge,5001 -10000,yes,,housing,yes,private school,fair,more than two streets,borehole,PHCN',4 - 6 hours,paved,fair,poor,PSP/municipal collection,no,yes,No,no,no,yes,no,no,no,yes,no,no,,no,health center,functioning,private hospital,fair,linear,5 and above,local vigilante,effective,burglary
Ilaje road,female,under 20,single,secondary,christianity,Nigerian,yes,,SSS/Sec/TTC,apprentice,Trading and commerce,20000 and below,none,within this LGA,7 and above,3,public transport,Rented,5001 - 10000,no,,,yes,,housing,yes,private school,fair,more than two streets,borehole,Generator and PHCN,4 - 6 hours,paved,fair,not available,PSP/municipal collection,no,yes,No,no,no,yes,no,no,no,yes,no,no,,no,health center,functioning,private hospital,fair,linear,5 and above,local vigilante,effective,burglary
odusanya str,male,21 - 30,seperated,Tetiary,christianity,Nigerian,yes,,University Graduate/HND,formal,Trading and commerce,40001 - 60000,3,within this LGA,7 and above,3,private vehicle,Rented,10001 - 20000,yes,,5001 -10000,yes,,agriculture,yes,private school,fair,more than two streets,borehole,Generator and PHCN,4 - 6 hours,paved,fair,not available,PSP/municipal collection,no,yes,No,no,no,yes,no,no,no,no,no,no,,no,health center,functioning,private hospital,fair,linear,5 and above,local vigilante,effective,burglary
bakare str,male,41 - 50,married,Tetiary,christianity,Nigerian,yes,,University Graduate/HND,formal,civil service,40001 - 60000,1 - 2,within this LGA,4 - 6,1,private vehicle,Rented,10001 - 20000,yes,Tenement rate,5001 -10000,yes,,housing,yes,public school,fair,next street,borehole,Generator and PHCN,1  - 3 hours,paved,good,poor,private scavenger/ carts pusher,no,yes,yes,no,no,yes,no,yes,no,no,no,no,,yes,general Hospital,functioning,public/government hospital,good,linear,5 and above,None,,robbery
Abeokuta strt,male,under 20,single,Tetiary,islam,Nigerian,yes,,University Graduate/HND,informal,Trading and commerce,20001 - 40000,none,within this LGA,1 - 3,1,public transport,Rented,5001 - 10000,yes,Land use Charge,5001 -10000,yes,,housing,yes,public school,fair,next street,borehole,Generator and PHCN,4 - 6 hours,paved,fair,fair,PSP/municipal collection,no,yes,yes,no,no,yes,no,no,no,no,no,no,,yes,general Hospital,functioning,public/government hospital,fair,linear,2,local vigilante,effective,
ebiyemi str,male,over 50,married,Tetiary,christianity,Nigerian,yes,,University Graduate/HND,formal,industrial worker,Above 100000,1 - 2,within this LGA,7 and above,1,private vehicle,owner of dwelling place,,yes,Land use Charge,5001 -10000,yes,,housing,yes,private school,Good,same street,borehole,PHCN',1  - 3 hours,paved,good,,PSP/municipal collection,no,yes,yes,no,no,yes,no,no,no,no,no,no,,yes,general Hospital,functioning,public/government hospital,good,linear,5 and above,local vigilante,effective,
opelugeru str,female,41 - 50,married,primary,christianity,Nigerian,yes,,Primary,informal,Trading and commerce,20000 and below,none,within this LGA,1 - 3,1,public transport,Rented,Below 5000,no,,,yes,,housing,yes,public school,bad,two streets away,well,Generator and PHCN,4 - 6 hours,paved,good,fair,private scavenger/ carts pusher,no,yes,yes,no,no,yes,no,no,no,no,no,no,,yes,general Hospital,functioning,public/government hospital,fair,linear,2,None,,
bolaji amupo str,male,21 - 30,single,Tetiary,christianity,Nigerian,yes,,University Graduate/HND,informal,artisan?,20001 - 40000,none,within this LGA,1 - 3,1,public transport,Family House/inheritance,,yes,Land use Charge,5001 -10000,yes,,housing,yes,private school,Good,same street,borehole,Generator and PHCN,4 - 6 hours,paved,good,good,PSP/municipal collection,no,yes,yes,no,no,yes,no,no,no,no,no,no,,yes,general Hospital,functioning,public/government hospital,good,linear,2,None,,robbery
oyeyemi str,male,under 20,single,secondary,islam,Nigerian,yes,,JSS/Modern school,,Others,20000 and below,none,within this LGA,4 - 6,1,public transport,Rented,5001 - 10000,no,,,yes,commerce/trading,housing,yes,public school,Good,more than two streets,well,Generator and PHCN,4 - 6 hours,paved,good,good,PSP/municipal collection,no,yes,No,no,no,no,no,no,no,no,no,no,,yes,general Hospital,functioning,public/government hospital,good,linear,5 and above,None,,
oyeyemi str,male,under 20,single,secondary,islam,Nigerian,yes,,SSS/Sec/TTC,,,20000 and below,1 - 2,within this LGA,1 - 3,1,public transport,Rented,10001 - 20000,no,,,yes,commerce/trading,markets,yes,private school,fair,next street,pipeborne,PHCN',4 - 6 hours,paved,fair,poor,PSP/municipal collection,no,yes,No,no,no,no,no,no,no,no,no,no,,yes,general Hospital,functioning,public/government hospital,good,linear,3,local vigilante,effective,
olu ajisegbede str,female,31 - 40,married,Tetiary,christianity,Nigerian,yes,,University Graduate/HND,formal,Trading and commerce,20001 - 40000,none,within this LGA,1 - 3,1,public transport,Rented,10001 - 20000,yes,deduct from source (PAYE),5001 -10000,yes,commerce/trading,housing,yes,private school,fair,same street,borehole,Generator and PHCN,4 - 6 hours,paved,good,fair,private scavenger/ carts pusher,no,yes,yes,no,no,yes,no,no,no,no,no,no,,no,general Hospital,functioning,public/government hospital,good,linear,3,None,,robbery
soji oshodi str,male,31 - 40,married,Tetiary,christianity,Nigerian,yes,,University Graduate/HND,formal,Trading and commerce,40001 - 60000,1 - 2,within this LGA,1 - 3,1,public transport,Rented,20001 - 30000,no,,,yes,commerce/trading,agriculture,yes,public school,Good,same street,borehole,Generator and PHCN,7 - 12 hours,paved,poor,fair,private scavenger/ carts pusher,no,yes,yes,no,no,yes,no,no,yes,no,no,yes,Recreation,no,general Hospital,functioning,public/government hospital,fair,linear,3,local vigilante,effective,
igi olugbin str,male,over 50,married,secondary,christianity,Nigerian,No,Mushin,SSS/Sec/TTC,informal,Trading and commerce,20001 - 40000,none,within this LGA,4 - 6,1,private vehicle,Rented,above 30000,no,,,yes,commerce/trading,markets,yes,public school,Good,same street,borehole,Generator and PHCN,4 - 6 hours,paved,good,good,private scavenger/ carts pusher,no,yes,yes,no,no,yes,no,no,no,no,no,no,,no,general Hospital,functioning,public/government hospital,good,linear,5 and above,local vigilante,effective,deliquency
johnson str,female,41 - 50,married,primary,christianity,Nigerian,yes,,Primary,informal,Trading and commerce,20001 - 40000,none,within this LGA,4 - 6,1,public transport,owner of dwelling place,,no,,,yes,commerce/trading,markets,yes,public school,Good,next street,pipeborne,Generator and PHCN,1  - 3 hours,paved,fair,good,PSP/municipal collection,no,yes,yes,no,no,yes,no,no,yes,no,no,,,no,general Hospital,functioning,public/government hospital,good,linear,5 and above,local vigilante,effective,
onobola str,male,over 50,married,secondary,christianity,Nigerian,No,kosofe,SSS/Sec/TTC,informal,Trading and commerce,40001 - 60000,none,within this LGA,7 and above,1,public transport,Rented,5001 - 10000,yes,Local government tax,below 5000,yes,commerce/trading,markets,yes,public school,Good,next street,borehole,Generator and PHCN,4 - 6 hours,unpaved,poor,good,PSP/municipal collection,no,No,yes,no,no,yes,no,no,no,no,no,yes,sport activities,no,general Hospital,functioning,public/government hospital,good,linear,5 and above,local vigilante,effective,deliquency
bolaji amupo str,female,41 - 50,married,secondary,christianity,Nigerian,yes,,SSS/Sec/TTC,informal,Trading and commerce,20001 - 40000,none,within this LGA,7 and above,2,public transport,Rented,Below 5000,yes,deduct from source (PAYE),,yes,commerce/trading,markets,yes,private school,Good,two streets away,pipeborne,PHCN',1  - 3 hours,unpaved,fair,not available,PSP/municipal collection,no,yes,yes,no,no,yes,no,yes,no,no,no,yes,social gathering,no,general Hospital,functioning,Others,good,nucleated,5,local vigilante,effective,burglary
ovie nmhada str,female,41 - 50,single,secondary,christianity,Nigerian,yes,,SSS/Sec/TTC,informal,artisan?,20001 - 40000,none,within this LGA,1 - 3,1,public transport,Rented,Below 5000,no,,,yes,commerce/trading,housing,yes,private school,Good,same street,borehole,PHCN',4 - 6 hours,unpaved,fair,not available,PSP/municipal collection,no,yes,yes,no,no,yes,no,yes,no,no,no,no,,no,general Hospital,functioning,Others,fair,nucleated,5 and above,local vigilante,effective,others
bolaji str,female,31 - 40,married,Tetiary,christianity,Nigerian,yes,,University Graduate/HND,informal,Trading and commerce,Above 100000,none,within this LGA,1 - 3,1,public transport,Rented,Below 5000,yes,Local government tax,below 5000,yes,commerce/trading,markets,yes,private school,Good,next street,borehole,PHCN',12 hours and above,paved,poor,not available,PSP/municipal collection,no,yes,yes,no,no,no,no,yes,no,no,no,no,,no,health center,functioning,private hospital,good,nucleated,5 and above,None,,deliquency
sheriff avenue,male,41 - 50,married,others,islam,Nigerian,yes,,Others,informal,artisan?,,none,,1 - 3,1,public transport,owner of dwelling place,,yes,Land use Charge,,yes,,markets,yes,private school,Good,next street,borehole,PHCN',12 hours and above,unpaved,good,,,,,,,,,,,,,,,,,,,,,,,,,
muntari str,male,41 - 50,married,primary,christianity,Nigerian,yes,,SSS/Sec/TTC,informal,artisan?,20001 - 40000,none,within this LGA,1 - 3,1,public transport,Rented,5001 - 10000,no,,,yes,,housing,yes,private school,Good,more than two streets,borehole,PHCN',4 - 6 hours,paved,poor,not available,PSP/municipal collection,no,yes,yes,no,no,no,no,no,no,no,no,no,,no,health center,functioning,Others,good,nucleated,5 and above,local vigilante,very effective,deliquency
yekini str,female,21 - 30,single,secondary,christianity,Nigerian,yes,,SSS/Sec/TTC,informal,Trading and commerce,20001 - 40000,none,within this LGA,4 - 6,1,public transport,Rented,,no,,,yes,,housing,yes,private school,Good,two streets away,pipeborne,PHCN',4 - 6 hours,unpaved,poor,not available,PSP/municipal collection,no,yes,yes,no,no,no,no,no,no,no,no,yes,social gathering,yes,clinic,functioning,private hospital,good,nucleated,5 and above,None,,robbery
oshipitan str,female,31 - 40,married,others,islam,Nigerian,yes,,University Graduate/HND,Unemployed,,80001 - 100000,1 - 2,,1 - 3,1,private vehicle,Rented,above 30000,no,,,yes,commerce/trading,housing,yes,public school,Good,same street,pipeborne,PHCN',7 - 12 hours,unpaved,good,poor,PSP/municipal collection,no,yes,No,no,no,yes,no,no,no,no,no,no,,no,health center,functioning,public/government hospital,good,nucleated,5 and above,None,,burglary
shipeolu str,female,over 50,married,secondary,christianity,Nigerian,yes,,SSS/Sec/TTC,informal,Trading and commerce,Above 100000,1 - 2,within this LGA,4 - 6,2,private vehicle,owner of dwelling place,,yes,Land use Charge,20001 - 30000,yes,commerce/trading,housing,yes,private school,Good,same street,borehole,PHCN',1  - 3 hours,unpaved,fair,poor,PSP/municipal collection,no,yes,yes,no,no,yes,no,yes,no,no,no,yes,social gathering,no,general Hospital,functioning,public/government hospital,good,nucleated,,police,effective,
henry adegue str,male,41 - 50,married,secondary,christianity,Nigerian,yes,,SSS/Sec/TTC,informal,artisan?,20001 - 40000,none,within this LGA,4 - 6,2,public transport,owner of dwelling place,,yes,Land use Charge,10001 - 20000,yes,,markets,yes,private school,Good,same street,borehole,PHCN',1  - 3 hours,unpaved,bad,not available,private scavenger/ carts pusher,no,yes,yes,no,no,yes,no,yes,yes,yes,no,yes,social gathering,no,health center,functioning,public/government hospital,fair,nucleated,5 and above,local vigilante,very effective,burglary
oshipitan str,male,31 - 40,married,secondary,islam,Nigerian,yes,,SSS/Sec/TTC,informal,artisan?,20001 - 40000,none,within this LGA,1 - 3,1,public transport,Rented,Below 5000,no,,,yes,,housing,yes,private school,Good,same street,pipeborne,PHCN',1  - 3 hours,unpaved,good,not available,PSP/municipal collection,no,yes,yes,no,no,yes,no,yes,no,no,no,yes,social gathering,no,,,public/government hospital,good,nucleated,5 and above,local vigilante,effective,burglary
oguntola str,male,under 20,single,secondary,christianity,Nigerian,yes,,Primary,student,,80001 - 100000,none,within this LGA,4 - 6,2,public transport,Family House/inheritance,,,,,yes,,markets,yes,public school,Good,more than two streets,borehole,Generator and PHCN,7 - 12 hours,No drainage,good,not available,private scavenger/ carts pusher,no,yes,yes,no,no,no,no,no,no,no,no,no,,no,health center,functioning,public/government hospital,fair,linear,5 and above,,,rape
igi olugbin str,male,under 20,single,Tetiary,christianity,Nigerian,yes,,ND/NCE,student,,Above 100000,above 3,Outside this LGA,4 - 6,2,private vehicle,Rented,5001 - 10000,yes,deduct from source (PAYE),5001 -10000,yes,commerce/trading,markets,yes,private school,fair,more than two streets,well,Generator and PHCN,1  - 3 hours,paved,good,poor,PSP/municipal collection,no,yes,No,no,no,no,no,no,no,no,no,yes,sport activities,no,health center,functioning,public/government hospital,good,nucleated,5 and above,police,effective,burglary
popoola str,female,under 20,single,secondary,christianity,Nigerian,yes,,SSS/Sec/TTC,student,,,1 - 2,,4 - 6,1,private vehicle,Rented,Below 5000,no,,,yes,commerce/trading,markets,yes,daily coaching center,Good,,pipeborne,Generator and PHCN,12 hours and above,paved,good,excellent,PSP/municipal collection,no,yes,No,yes,no,no,no,no,no,no,no,no,,no,health center,functioning,public/government hospital,good,linear,5 and above,police,not effective,
popoola str,female,under 20,single,secondary,christianity,Nigerian,yes,,SSS/Sec/TTC,student,,,3,,4 - 6,1,private vehicle,Rented,above 30000,no,,,yes,commerce/trading,markets,yes,private school,Good,more than two streets,borehole,Generator,12 hours and above,paved,good,excellent,PSP/municipal collection,no,yes,No,no,no,no,no,no,no,no,no,no,,yes,health center,functioning,public/government hospital,very good,linear,4,police,not effective,
popoola str,female,under 20,single,secondary,islam,Nigerian,yes,,SSS/Sec/TTC,student,,,none,,4 - 6,1,public transport,Rented,Below 5000,no,,,yes,commerce/trading,markets,yes,daily coaching center,Good,more than two streets,pipeborne,Generator and PHCN,12 hours and above,paved,good,excellent,PSP/municipal collection,no,yes,yes,no,no,no,no,no,no,no,no,no,,no,health center,functioning,public/government hospital,very good,linear,5 and above,police,not effective,
popoola str,female,under 20,single,secondary,islam,Nigerian,No,,SSS/Sec/TTC,student,Others,20001 - 40000,1 - 2,Outside this LGA,4 - 6,1,public transport,others,above 30000,no,others,,yes,commerce/trading,markets,yes,daily coaching center,Good,next street,pipeborne,Generator and PHCN,12 hours and above,paved,good,excellent,PSP/municipal collection,no,yes,yes,no,no,yes,no,yes,yes,yes,no,yes,sport activities,yes,health center,functioning,private hospital,very good,linear,5 and above,police,not effective,
popoola str,female,under 20,single,secondary,christianity,Nigerian,yes,,SSS/Sec/TTC,student,Others,Above 100000,none,Others,1 - 3,1,public transport,others,above 30000,no,others,,yes,commerce/trading,housing,yes,private school,Good,same street,borehole,Generator and PHCN,7 - 12 hours,No drainage,good,excellent,PSP/municipal collection,no,yes,yes,no,no,no,no,no,no,no,no,no,,no,general Hospital,functioning,public/government hospital,very good,linear,3,None,,
ibukunolu str,female,31 - 40,married,secondary,christianity,Nigerian,yes,,SSS/Sec/TTC,,Trading and commerce,,none,within this LGA,1 - 3,#NULL!,,Rented,5001 - 10000,yes,,,yes,,housing,,private school,Good,same street,borehole,Generator and PHCN,12 hours and above,paved,good,excellent,PSP/municipal collection,no,yes,yes,no,no,no,no,yes,no,no,no,no,,,health center,functioning,private hospital,,,,local vigilante,effective,
asani str,female,41 - 50,married,secondary,islam,Nigerian,yes,,SSS/Sec/TTC,informal,artisan?,20000 and below,none,within this LGA,4 - 6,1,Others,Rented,5001 - 10000,yes,Land use Charge,below 5000,yes,,agriculture,yes,public school,Good,next street,borehole,Generator and PHCN,4 - 6 hours,unpaved,poor,fair,PSP/municipal collection,yes,No,No,no,no,yes,no,yes,no,yes,no,yes,sport activities,yes,,,,good,,5 and above,police,effective,others
ososa str,,31 - 40,married,Tetiary,christianity,Nigerian,yes,,University Graduate/HND,formal,Others,40001 - 60000,none,Outside this LGA,4 - 6,1,public transport,Rented,5001 - 10000,yes,deduct from source (PAYE),below 5000,yes,commerce/trading,markets,yes,public school,Good,,borehole,Generator and PHCN,4 - 6 hours,unpaved,poor,fair,PSP/municipal collection,yes,yes,yes,no,no,no,no,yes,no,yes,no,yes,sport activities,yes,dispensary,functioning,public/government hospital,good,nucleated,5 and above,police,effective,
arobadade str,male,31 - 40,single,Tetiary,christianity,Nigerian,yes,,University Graduate/HND,informal,Trading and commerce,20001 - 40000,1 - 2,Outside this LGA,4 - 6,1,private vehicle,Rented,10001 - 20000,yes,Local government tax,below 5000,yes,commerce/trading,markets,yes,public school,Good,two streets away,borehole,Generator and PHCN,12 hours and above,unpaved,fair,good,PSP/municipal collection,no,yes,yes,no,no,no,no,yes,no,yes,no,no,,no,health center,functioning,,good,nucleated,5 and above,local vigilante,effective,others
adenifuja str,male,41 - 50,married,secondary,islam,Nigerian,yes,,SSS/Sec/TTC,informal,Trading and commerce,20000 and below,none,within this LGA,4 - 6,1,public transport,Rented,5001 - 10000,no,,,yes,commerce/trading,markets,yes,public school,Good,two streets away,borehole,Generator and PHCN,7 - 12 hours,unpaved,poor,fair,PSP/municipal collection,no,yes,yes,no,no,no,no,no,no,yes,no,yes,sport activities,yes,dispensary,functioning,,good,nucleated,5 and above,local vigilante,effective,
ago-owo str,female,41 - 50,married,Tetiary,,Nigerian,yes,,University Graduate/HND,,,,,,,#NULL!,,,,,,,,,,,,,,,,,,,,,,,,,,,,,,,,,,,,,,,,,,,
ago-owo str,female,31 - 40,married,Tetiary,christianity,Nigerian,No,,University Graduate/HND,formal,Trading and commerce,80001 - 100000,1 - 2,Outside this LGA,4 - 6,1,private vehicle,Rented,above 30000,yes,Local government tax,below 5000,yes,,markets,yes,private school,Good,next street,pipeborne,Generator and PHCN,12 hours and above,paved,good,fair,PSP/municipal collection,no,yes,No,no,no,no,no,no,no,no,no,yes,event and ceremonies,no,health center,fair,public/government hospital,good,,4,local vigilante,effective,robbery
odo oba str,female,21 - 30,single,Tetiary,christianity,Nigerian,yes,,ND/NCE,formal,Others,20000 and below,none,Outside this LGA,4 - 6,1,public transport,Family House/inheritance,,no,,,yes,commerce/trading,markets,yes,private school,Good,next street,pipeborne,Generator and PHCN,,paved,fair,good,PSP/municipal collection,no,yes,yes,no,no,no,no,yes,no,yes,no,yes,event and ceremonies,yes,health center,functioning,public/government hospital,good,dispersed,5 and above,police,effective,deliquency
church str,female,21 - 30,single,Tetiary,islam,Nigerian,yes,,University Graduate/HND,formal,industrial worker,40001 - 60000,1 - 2,Outside this LGA,7 and above,1,private vehicle,Rented,5001 - 10000,yes,deduct from source (PAYE),below 5000,yes,commerce/trading,housing,yes,private school,Good,two streets away,pipeborne,Generator and PHCN,7 - 12 hours,paved,fair,good,PSP/municipal collection,no,yes,No,no,no,no,no,yes,no,yes,no,,,no,clinic,fair,public/government hospital,good,nucleated,5 and above,police,effective,deliquency
oloko idana str,female,under 20,single,Tetiary,christianity,Nigerian,No,,,formal,Others,20001 - 40000,,Outside this LGA,4 - 6,1,,Rented,above 30000,yes,Local government tax,below 5000,yes,,housing,yes,public school,fair,same street,well,Solar,4 - 6 hours,unpaved,poor,excellent,private scavenger/ carts pusher,yes,No,No,no,no,no,no,no,no,no,no,yes,event and ceremonies,no,health center,fair,public/government hospital,good,,5 and above,local vigilante,effective,
ogo-oluwa str,male,21 - 30,married,secondary,christianity,Nigerian,yes,,SSS/Sec/TTC,informal,Trading and commerce,20000 and below,none,within this LGA,1 - 3,1,public transport,Rented,Below 5000,no,,,yes,commerce/trading,markets,yes,public school,Good,next street,borehole,Generator and PHCN,4 - 6 hours,unpaved,fair,fair,PSP/municipal collection,no,yes,yes,no,no,no,no,no,no,yes,no,,,no,,,,good,,4,local vigilante,effective,deliquency
ogo-oluwa str,female,21 - 30,single,Tetiary,christianity,Nigerian,yes,,ND/NCE,student,Others,20000 and below,1 - 2,within this LGA,4 - 6,1,public transport,Rented,5001 - 10000,yes,Tenement rate,below 5000,yes,commerce/trading,markets,yes,public school,fair,next street,well,Generator and PHCN,12 hours and above,paved,fair,fair,PSP/municipal collection,no,yes,yes,no,no,no,no,no,no,yes,no,no,,yes,health center,fair,public/government hospital,good,nucleated,4,police,effective,deliquency
adebiyi str,female,21 - 30,single,Tetiary,christianity,Nigerian,yes,,University Graduate/HND,informal,Trading and commerce,20000 and below,none,within this LGA,4 - 6,1,public transport,Rented,5001 - 10000,no,,,yes,commerce/trading,markets,yes,public school,Good,next street,borehole,Generator and PHCN,4 - 6 hours,paved,good,good,PSP/municipal collection,no,yes,yes,no,no,no,no,yes,no,no,no,,,no,,,,good,nucleated,5 and above,local vigilante,effective,
keke str,female,31 - 40,married,Tetiary,christianity,Nigerian,yes,,University Graduate/HND,formal,civil service,20001 - 40000,none,within this LGA,1 - 3,1,public transport,Rented,5001 - 10000,yes,deduct from source (PAYE),below 5000,yes,,markets,yes,public school,Good,same street,borehole,Generator and PHCN,7 - 12 hours,paved,good,good,PSP/municipal collection,no,yes,yes,no,no,no,no,yes,no,no,no,no,,no,health center,functioning,public/government hospital,good,nucleated,5 and above,local vigilante,effective,
ewenla str,male,31 - 40,married,Tetiary,islam,Nigerian,yes,,ND/NCE,formal,civil service,60001 - 80000,1 - 2,Outside this LGA,4 - 6,2,private vehicle,Rented,5001 - 10000,yes,deduct from source (PAYE),5001 -10000,yes,commerce/trading,markets,yes,private school,Good,more than two streets,borehole,Generator and PHCN,7 - 12 hours,paved,good,good,PSP/municipal collection,no,yes,No,no,no,no,yes,no,no,yes,no,no,,no,,,,good,nucleated,4,local vigilante,effective,deliquency
ewenla str,female,over 50,married,secondary,christianity,,yes,,SSS/Sec/TTC,informal,Trading and commerce,20000 and below,none,within this LGA,7 and above,2,public transport,Rented,Below 5000,,,,yes,commerce/trading,markets,,private school,Good,same street,pipeborne,Generator and PHCN,4 - 6 hours,unpaved,poor,fair,PSP/municipal collection,no,yes,No,no,no,no,no,no,no,yes,no,,,,,,,fair,nucleated,5 and above,local vigilante,effective,deliquency
ige str,male,41 - 50,married,Tetiary,,Nigerian,yes,,University Graduate/HND,formal,industrial worker,40001 - 60000,1 - 2,Outside this LGA,7 and above,1,private vehicle,Rented,5001 - 10000,yes,deduct from source (PAYE),below 5000,yes,2,housing,yes,public school,Good,two streets away,borehole,Generator and PHCN,4 - 6 hours,paved,good,good,PSP/municipal collection,no,yes,yes,no,no,no,no,no,no,yes,no,,,no,,,,good,nucleated,5 and above,local vigilante,effective,deliquency
serila str,male,over 50,married,secondary,islam,Nigerian,yes,,SSS/Sec/TTC,formal,Trading and commerce,60001 - 80000,1 - 2,within this LGA,7 and above,3,private vehicle,owner of dwelling place,,yes,Land use Charge,5001 -10000,yes,,housing,yes,private school,fair,more than two streets,borehole,Generator,4 - 6 hours,paved,fair,not available,PSP/municipal collection,no,yes,No,no,yes,no,no,no,no,no,no,no,,no,health center,functioning,private hospital,fair,linear,5 and above,police,very effective,burglary
ibukun-olu str,,21 - 30,single,Tetiary,christianity,Nigerian,yes,,University Graduate/HND,informal,,20000 and below,,within this LGA,7 and above,2,public transport,Rented,5001 - 10000,no,,,yes,,agriculture,yes,daily coaching center,4,next street,pipeborne,Generator,1  - 3 hours,unpaved,poor,excellent,private scavenger/ carts pusher,yes,yes,No,no,no,no,no,no,no,yes,no,yes,sport activities,no,clinic,functioning,public/government hospital,good,,5 and above,police,effective,robbery
modupe str,female,41 - 50,married,primary,christianity,Nigerian,No,,Primary,informal,Trading and commerce,,none,within this LGA,4 - 6,1,public transport,Rented,5001 - 10000,no,,,yes,commerce/trading,others,yes,private school,Good,same street,well,PHCN',4 - 6 hours,paved,good,good,private scavenger/ carts pusher,no,yes,yes,no,no,no,no,no,no,no,no,no,,yes,general Hospital,functioning,public/government hospital,good,linear,4,others,very effective,robbery
fola str,female,41 - 50,married,secondary,christianity,Nigerian,yes,,SSS/Sec/TTC,informal,Trading and commerce,80001 - 100000,1 - 2,within this LGA,4 - 6,1,private vehicle,Rented,above 30000,no,,,yes,commerce/trading,markets,yes,public school,Good,more than two streets,borehole,Generator and PHCN,4 - 6 hours,paved,good,good,PSP/municipal collection,no,yes,No,no,no,no,no,no,no,no,no,no,,no,health center,functioning,private hospital,good,linear,4,others,very effective,
oludare str,male,,single,Tetiary,christianity,Nigerian,yes,,University Graduate/HND,,Trading and commerce,20001 - 40000,none,within this LGA,1 - 3,1,public transport,owner of dwelling place,above 30000,yes,Land use Charge,5001 -10000,yes,commerce/trading,markets,yes,public school,fair,next street,borehole,Generator and PHCN,4 - 6 hours,paved,good,fair,private scavenger/ carts pusher,no,yes,yes,no,no,yes,yes,yes,yes,yes,yes,no,,no,clinic,functioning,,good,linear,5 and above,others,effective,burglary
church str,female,31 - 40,married,Tetiary,christianity,Nigerian,yes,,University Graduate/HND,informal,Trading and commerce,20001 - 40000,1 - 2,within this LGA,4 - 6,1,private vehicle,Rented,above 30000,yes,Land use Charge,5001 -10000,yes,commerce/trading,agriculture,yes,public school,fair,more than two streets,borehole,Generator and PHCN,1  - 3 hours,unpaved,poor,good,private scavenger/ carts pusher,no,yes,yes,no,no,yes,no,no,no,no,no,no,,no,general Hospital,functioning,public/government hospital,good,linear,4,others,effective,
oludare str,female,31 - 40,married,secondary,christianity,Nigerian,yes,,SSS/Sec/TTC,informal,Trading and commerce,60001 - 80000,none,within this LGA,4 - 6,2,public transport,Rented,10001 - 20000,yes,Land use Charge,below 5000,no,commerce/trading,housing,yes,public school,fair,same street,well,Generator and PHCN,4 - 6 hours,paved,good,good,PSP/municipal collection,no,No,yes,no,no,yes,no,no,no,no,no,no,,no,,,,fair,linear,5 and above,others,effective,deliquency
tolu odunan str,male,31 - 40,single,secondary,christianity,Nigerian,yes,,SSS/Sec/TTC,informal,Trading and commerce,20001 - 40000,none,within this LGA,1 - 3,1,public transport,Rented,5001 - 10000,no,,,yes,commerce/trading,housing,yes,public school,fair,next street,well,Generator and PHCN,4 - 6 hours,unpaved,poor,poor,private scavenger/ carts pusher,no,yes,yes,no,no,no,no,no,no,no,,no,,no,general Hospital,functioning,public/government hospital,fair,linear,5 and above,police,,
moroco str,male,31 - 40,married,secondary,islam,Nigerian,No,,SSS/Sec/TTC,informal,industrial worker,20000 and below,none,within this LGA,7 and above,2,public transport,Rented,5001 - 10000,yes,Local government tax,below 5000,yes,commerce/trading,markets,yes,public school,Good,next street,borehole,Generator and PHCN,4 - 6 hours,paved,fair,fair,private scavenger/ carts pusher,no,yes,yes,no,no,no,no,no,no,no,no,yes,social gathering,yes,clinic,fair,public/government hospital,fair,4,3,,,
awosegun str,male,over 50,married,Tetiary,christianity,Nigerian,yes,,University Graduate/HND,formal,civil service,60001 - 80000,1 - 2,,4 - 6,2,private vehicle,Rented,5001 - 10000,yes,Local government tax,,yes,commerce/trading,,yes,public school,Good,two streets away,water vendor,Generator and PHCN,4 - 6 hours,paved,fair,good,private scavenger/ carts pusher,no,yes,yes,no,no,yes,yes,no,no,no,no,no,,no,general Hospital,functioning,public/government hospital,good,linear,5 and above,others,,
ebinpeju str,male,21 - 30,single,Tetiary,christianity,Nigerian,yes,,,student,,20000 and below,,,7 and above,1,public transport,Rented,Below 5000,yes,Land use Charge,,yes,commerce/trading,markets,yes,public school,Good,more than two streets,pipeborne,Generator and PHCN,4 - 6 hours,paved,fair,fair,PSP/municipal collection,yes,yes,yes,no,no,yes,yes,yes,no,yes,no,yes,sport activities,no,general Hospital,functioning,private hospital,good,dispersed,3,police,effective,robbery
moshood bakare str,male,31 - 40,married,Tetiary,christianity,Nigerian,yes,,University Graduate/HND,formal,industrial worker,20000 and below,none,Outside this LGA,1 - 3,1,public transport,Rented,Below 5000,yes,Tenement rate,below 5000,yes,commerce/trading,,yes,private school,fair,two streets away,borehole,Generator and PHCN,4 - 6 hours,paved,fair,good,private scavenger/ carts pusher,yes,yes,yes,no,no,yes,no,yes,no,yes,no,no,,no,health center,functioning,private hospital,fair,dispersed,5 and above,local vigilante,effective,deliquency
bashorun fatai arobieke str,male,41 - 50,married,primary,islam,Nigerian,No,,Primary,informal,artisan?,20000 and below,1 - 2,within this LGA,4 - 6,1,private vehicle,Rented,5001 - 10000,yes,Local government tax,10001 - 20000,yes,commerce/trading,markets,yes,public school,fair,next street,water vendor,Generator and PHCN,4 - 6 hours,unpaved,fair,fair,PSP/municipal collection,no,No,No,no,no,no,no,no,no,no,no,yes,,no,clinic,fair,public/government hospital,good,,5 and above,police,effective,burglary
eyiowayi str,male,under 20,single,secondary,christianity,Nigerian,yes,,SSS/Sec/TTC,student,,,1 - 2,,4 - 6,1,private vehicle,,above 30000,,,,yes,commerce/trading,markets,yes,public school,fair,more than two streets,borehole,Generator and PHCN,4 - 6 hours,paved,bad,poor,burning and burying,yes,yes,yes,yes,no,yes,no,yes,yes,yes,no,yes,sport activities,no,dispensary,functioning,public/government hospital,good,nucleated,5 and above,police,effective,robbery
salami shuabi str,female,31 - 40,married,others,christianity,Nigerian,yes,,Non,informal,Trading and commerce,,none,within this LGA,4 - 6,1,public transport,Rented,,yes,Local government tax,,yes,commerce/trading,agriculture,yes,public school,Good,more than two streets,borehole,Generator and PHCN,,unpaved,poor,excellent,PSP/municipal collection,yes,yes,yes,no,yes,no,yes,no,no,no,no,yes,social gathering,yes,health center,functioning,Others,good,nucleated,,others,effective,deliquency
olatunji sanusi str,male,31 - 40,married,Tetiary,christianity,Nigerian,yes,,University Graduate/HND,formal,Others,Above 100000,3,Outside this LGA,7 and above,2,private vehicle,Rented,above 30000,yes,deduct from source (PAYE),20001 - 30000,yes,3,markets,No,daily coaching center,Good,next street,pipeborne,Generator and PHCN,1  - 3 hours,paved,fair,excellent,private scavenger/ carts pusher,yes,No,No,no,no,no,no,no,no,no,yes,no,Recreation,no,dispensary,functioning,private hospital,good,linear,3,others,effective,deliquency
bajulaiye road,male,41 - 50,married,others,christianity,Nigerian,No,,University Graduate/HND,formal,Trading and commerce,Above 100000,1 - 2,within this LGA,7 and above,1,private vehicle,Rented,above 30000,yes,deduct from source (PAYE),20001 - 30000,yes,2,housing,yes,private school,Good,next street,borehole,Generator and PHCN,7 - 12 hours,unpaved,poor,good,PSP/municipal collection,no,yes,No,yes,no,no,no,no,no,no,no,yes,social gathering,3,dispensary,functioning,private hospital,fair,linear,4,local vigilante,effective,deliquency
ibrahim ali str,female,over 50,married,secondary,christianity,Nigerian,yes,,SSS/Sec/TTC,informal,Trading and commerce,Above 100000,,within this LGA,7 and above,1,public transport,Rented,20001 - 30000,no,,,yes,commerce/trading,housing,yes,private school,Good,two streets away,water vendor,Generator,4 - 6 hours,paved,poor,fair,PSP/municipal collection,no,yes,No,no,no,no,no,no,no,no,no,no,,yes,clinic,functioning,public/government hospital,fair,linear,2,local vigilante,effective,others
bankole str,female,under 20,single,Tetiary,christianity,Nigerian,yes,,SSS/Sec/TTC,student,Trading and commerce,20001 - 40000,none,within this LGA,1 - 3,1,public transport,Rented,10001 - 20000,no,,,yes,2,housing,yes,private school,bad,same street,borehole,Generator and PHCN,4 - 6 hours,paved,bad,not available,communal dump,no,No,No,no,no,no,no,no,no,no,no,no,,no,clinic,fair,Traditional,fair,linear,5 and above,local vigilante,effective,
vincent str,male,21 - 30,single,secondary,christianity,Nigerian,yes,,SSS/Sec/TTC,informal,Others,20001 - 40000,1 - 2,within this LGA,7 and above,2,public transport,Rented,20001 - 30000,no,,,yes,commerce/trading,housing,yes,private school,Good,same street,borehole,Generator and PHCN,4 - 6 hours,unpaved,bad,fair,private scavenger/ carts pusher,no,yes,No,no,no,no,no,no,no,no,no,no,,no,clinic,fair,public/government hospital,poor,linear,5 and above,local vigilante,effective,deliquency
petti daho str,male,21 - 30,single,Tetiary,christianity,Nigerian,yes,,SSS/Sec/TTC,Unemployed,,20000 and below,none,,7 and above,1,public transport,Rented,5001 - 10000,no,,,yes,3,markets,No,daily coaching center,Good,5,well,PHCN',1  - 3 hours,4,bad,good,private scavenger/ carts pusher,yes,No,No,no,no,no,no,no,no,no,no,no,,no,clinic,functioning,private hospital,fair,nucleated,,local vigilante,effective,others
rufai str,female,31 - 40,married,Tetiary,islam,Nigerian,yes,,JSS/Modern school,Unemployed,,20000 and below,none,,4 - 6,1,public transport,Rented,5001 - 10000,no,,,yes,2,markets,yes,private school,fair,same street,water vendor,Generator and PHCN,1  - 3 hours,unpaved,bad,poor,private scavenger/ carts pusher,no,yes,No,no,no,no,no,no,no,no,no,no,,no,clinic,poor,public/government hospital,fair,linear,5 and above,local vigilante,effective,deliquency
eyo str,male,41 - 50,married,Tetiary,christianity,Nigerian,yes,,University Graduate/HND,informal,Trading and commerce,20001 - 40000,none,within this LGA,4 - 6,1,public transport,Rented,5001 - 10000,no,,,yes,commerce/trading,markets,yes,public school,bad,next street,water vendor,Generator and PHCN,4 - 6 hours,paved,fair,not available,private scavenger/ carts pusher,no,yes,No,no,no,no,no,no,no,no,no,no,,no,clinic,fair,public/government hospital,fair,nucleated,5 and above,local vigilante,effective,
femi adegbule str,female,31 - 40,married,Tetiary,christianity,Nigerian,yes,,University Graduate/HND,informal,Trading and commerce,20000 and below,1 - 2,within this LGA,4 - 6,1,private vehicle,Rented,20001 - 30000,yes,Local government tax,below 5000,yes,commerce/trading,markets,yes,private school,Good,same street,borehole,Generator and PHCN,4 - 6 hours,paved,good,good,private scavenger/ carts pusher,no,yes,yes,no,no,no,no,no,no,no,no,no,,no,health center,functioning,private hospital,good,linear,4,others,effective,
owolabi-balogun str,male,41 - 50,married,secondary,christianity,Nigerian,4,,Primary,formal,civil service,20001 - 40000,1 - 2,Outside this LGA,4 - 6,1,private vehicle,Family House/inheritance,,no,,,yes,commerce/trading,housing,yes,private school,fair,next street,spring,Generator and PHCN,4 - 6 hours,paved,poor,good,PSP/municipal collection,no,yes,No,no,no,no,no,no,no,no,no,no,,no,health center,functioning,public/government hospital,good,linear,4,others,effective,
fatai-ade str,male,31 - 40,married,Tetiary,christianity,Nigerian,yes,,SSS/Sec/TTC,informal,Trading and commerce,60001 - 80000,1 - 2,within this LGA,4 - 6,2,private vehicle,Rented,20001 - 30000,yes,Local government tax,5001 -10000,yes,commerce/trading,housing,yes,private school,Good,next street,borehole,Generator and PHCN,4 - 6 hours,unpaved,poor,fair,PSP/municipal collection,no,yes,yes,no,no,no,no,no,no,no,no,no,,no,general Hospital,functioning,private hospital,fair,linear,2,None,not effective,others
fatai-ade str,female,under 20,single,Tetiary,,Nigerian,yes,,SSS/Sec/TTC,student,,,above 3,,4 - 6,2,private vehicle,Rented,20001 - 30000,no,,,no,commerce/trading,housing,yes,private school,5,next street,borehole,Generator and PHCN,4 - 6 hours,paved,poor,poor,private scavenger/ carts pusher,no,yes,yes,no,no,no,no,no,no,no,no,no,,,clinic,fair,private hospital,fair,linear,5 and above,local vigilante,effective,
onafowokan str,female,21 - 30,single,secondary,christianity,Nigerian,yes,,SSS/Sec/TTC,informal,Trading and commerce,20000 and below,none,within this LGA,4 - 6,1,public transport,Family House/inheritance,,no,,,no,,,yes,private school,Good,next street,borehole,Generator,1  - 3 hours,No drainage,bad,poor,private scavenger/ carts pusher,no,yes,No,no,no,yes,no,no,no,no,no,yes,sport activities,no,health center,functioning,private hospital,,,,local vigilante,effective,
oguntuga str,female,over 50,married,primary,christianity,Nigerian,yes,,Primary,informal,Trading and commerce,20000 and below,none,within this LGA,4 - 6,1,public transport,Rented,5001 - 10000,no,,,yes,3,markets,No,daily coaching center,Good,next street,well,Generator,7 - 12 hours,4,bad,good,private scavenger/ carts pusher,yes,No,No,no,no,yes,no,no,no,no,no,no,,,health center,functioning,public/government hospital,,,,police,effective,
bashua str,female,21 - 30,married,Tetiary,christianity,Nigerian,yes,,University Graduate/HND,informal,Trading and commerce,20000 and below,none,within this LGA,,2,public transport,Family House/inheritance,,no,,,yes,commerce/trading,housing,yes,private school,Good,same street,borehole,Generator and PHCN,1  - 3 hours,paved,fair,good,PSP/municipal collection,no,yes,yes,no,no,yes,no,yes,no,no,no,no,,,general Hospital,functioning,private hospital,good,linear,5 and above,police,effective,
apata str,female,31 - 40,married,secondary,,Nigerian,yes,,SSS/Sec/TTC,informal,Trading and commerce,20001 - 40000,1 - 2,within this LGA,4 - 6,2,private vehicle,Rented,10001 - 20000,no,,,yes,commerce/trading,housing,yes,private school,fair,same street,borehole,Generator and PHCN,4 - 6 hours,paved,good,fair,PSP/municipal collection,no,yes,yes,no,no,no,no,no,no,no,no,no,,,general Hospital,functioning,public/government hospital,fair,linear,5 and above,local vigilante,effective,
akeju str,female,under 20,single,Tetiary,christianity,Nigerian,yes,,SSS/Sec/TTC,student,Trading and commerce,,none,within this LGA,1 - 3,3,private vehicle,Rented,10001 - 20000,no,Land use Charge,,yes,commerce/trading,housing,yes,private school,fair,two streets away,pipeborne,PHCN',1  - 3 hours,unpaved,fair,fair,private scavenger/ carts pusher,no,No,No,no,no,no,no,no,no,no,yes,no,,no,general Hospital,functioning,public/government hospital,fair,nucleated,3,local vigilante,effective,
oguntolu str,male,over 50,married,Tetiary,islam,Nigerian,yes,,SSS/Sec/TTC,retired,retired,20000 and below,1 - 2,,4 - 6,1,private vehicle,owner of dwelling place,,no,,,yes,commerce/trading,housing,yes,public school,fair,next street,borehole,Generator and PHCN,4 - 6 hours,paved,bad,not available,PSP/municipal collection,no,No,No,no,no,no,no,no,no,no,no,no,,no,general Hospital,functioning,public/government hospital,good,nucleated,5 and above,local vigilante,effective,
olaleye str,female,under 20,,Tetiary,,Nigerian,yes,,SSS/Sec/TTC,apprentice,Trading and commerce,20000 and below,none,within this LGA,4 - 6,1,public transport,Rented,Below 5000,,,,yes,commerce/trading,markets,yes,private school,fair,two streets away,borehole,PHCN',4 - 6 hours,paved,fair,not available,PSP/municipal collection,no,No,No,no,no,no,no,no,no,no,no,no,,no,clinic,fair,public/government hospital,good,linear,4,local vigilante,not effective,
bailey str,male,31 - 40,single,Tetiary,traditional,Nigerian,yes,,SSS/Sec/TTC,apprentice,industrial worker,20000 and below,none,within this LGA,`,3,public transport,Rented,Below 5000,no,,,yes,commerce/trading,markets,yes,private school,bad,same street,water vendor,Generator and PHCN,4 - 6 hours,unpaved,fair,not available,PSP/municipal collection,no,No,No,no,no,no,no,no,no,no,no,no,,yes,clinic,functioning,public/government hospital,good,nucleated,4,local vigilante,effective,
ayoola lawal,male,41 - 50,married,Tetiary,christianity,Nigerian,yes,,ND/NCE,formal,civil service,Above 100000,1 - 2,Outside this LGA,4 - 6,#NULL!,,,,,,,,,,,,,,,,,,,,,,,,,,,,,,,,,,,,,,,,,,,
olaiya str,female,41 - 50,divorced,secondary,islam,Nigerian,yes,,Non,formal,Trading and commerce,40001 - 60000,none,Outside this LGA,7 and above,3,public transport,Rented,5001 - 10000,no,,,yes,,housing,yes,private school,fair,more than two streets,water vendor,PHCN',4 - 6 hours,paved,fair,not available,PSP/municipal collection,no,yes,No,no,no,yes,no,no,no,yes,no,no,,no,health center,functioning,private hospital,fair,linear,5 and above,local vigilante,effective,
ajenifuja str,female,21 - 30,single,Tetiary,christianity,Nigerian,yes,,University Graduate/HND,student,,20000 and below,1 - 2,within this LGA,7 and above,3,public transport,Rented,5001 - 10000,no,,,,,housing,yes,private school,fair,more than two streets,borehole,Generator and PHCN,4 - 6 hours,paved,fair,not available,PSP/municipal collection,no,yes,No,no,no,yes,no,no,no,yes,no,no,,no,health center,functioning,private hospital,fair,linear,5 and above,police,effective,burglary
araromi str,male,21 - 30,married,Tetiary,christianity,Nigerian,yes,,University Graduate/HND,formal,Trading and commerce,20001 - 40000,1 - 2,within this LGA,7 and above,2,public transport,owner of dwelling place,5001 - 10000,no,,,yes,,housing,yes,private school,fair,more than two streets,borehole,Generator and PHCN,4 - 6 hours,paved,fair,not available,PSP/municipal collection,no,yes,No,no,no,yes,no,no,no,yes,no,no,,no,health center,functioning,private hospital,fair,linear,5 and above,local vigilante,effective,burglary
bamiji lawal,male,31 - 40,single,Tetiary,christianity,Nigerian,yes,,University Graduate/HND,formal,industrial worker,20001 - 40000,1 - 2,within this LGA,7 and above,3,public transport,Rented,5001 - 10000,no,,,yes,,agriculture,yes,private school,fair,more than two streets,borehole,Generator and PHCN,4 - 6 hours,paved,fair,not available,PSP/municipal collection,no,yes,No,no,no,yes,no,no,no,yes,no,no,,no,health center,functioning,private hospital,fair,linear,5 and above,local vigilante,very effective,burglary
arobadade str,female,under 20,single,secondary,christianity,Nigerian,yes,,SSS/Sec/TTC,student,,,none,,4 - 6,1,public transport,Rented,20001 - 30000,no,,,yes,,housing,,,,,,,,,,,,,,,,,,,,,,,,,,,,private hospital,fair,linear,5 and above,local vigilante,very effective,
,female,31 - 40,seperated,primary,islam,Nigerian,yes,,Primary,formal,Trading and commerce,20001 - 40000,none,within this LGA,4 - 6,1,public transport,Rented,5001 - 10000,yes,Tenement rate,below 5000,yes,,housing,yes,private school,fair,more than two streets,borehole,PHCN',4 - 6 hours,paved,fair,not available,PSP/municipal collection,no,yes,No,no,no,yes,no,no,no,no,no,no,,no,health center,functioning,private hospital,fair,linear,5 and above,None,effective,
